Times, Keys
0.631816,Z
0.407387,¿
0.206816,Z
0.262321,¿
